unit_id,before,text_hl,after,topic_agree,maj.topic,JF_a,JF_t,MR_a,MR_t,NR_a,NR_t,Sarah_a,Sarah_t,WvA_a,WvA_t,agree_stance,decision,comment,maj.stance,JF,MR,NR,Sarah,WvA
202327da2d4ccc89513d9f4ca7aae3a1a415004e40898fefa83b9f74-6-Overig,Omdat het eerlijker is.,"Boetes, bijvoorbeeld voor te hard rijden, doen iemand met een laag inkomen nu veel meer pijn dan iemand met een hoog inkomen, licht **SP-Kamerlid** Michiel van Nispen toe.","„Voor de een is het een grote hap uit zijn maandinkomen, terwijl de ander er maar kort voor hoeft te werken.”",2,Justitie & veiligheid,❌,Werk & Inkomen,❌,Ander/Geen,✅,Justitie & veiligheid,✅,Justitie & veiligheid,❌,Werk & Inkomen,1,Werk & Inkomen/L,"Nispen wil nivelleren, dus inkomen/L. Het is niet duidelijker of hij harder of zachter wil straffen, dus geen justitie/L or /R",Werk & Inkomen/N,Werk & Inkomen/N,Ander/Geen,Justitie & veiligheid/N,Justitie & veiligheid/L,Werk & Inkomen/L
398e13ce7913bfd786dccef2e152886eee30823e9298a1fcdc618a4f-27-Overig,"Ten eerste rechtvaardigt het bewust gecreëerde beeld dat mensen met lage inkomens liever lui zijn dan moe, een permanente jacht.","Henk Kamp, toenmalig **minister** van sociale zaken, bleek zijn fraudebeleid gebaseerd te hebben op 'gevoelens uit de samenleving'.","Toen zijn eigen ambtenaren aantoonden dat de fraude heel beperkt was, stelde hij dat 'zwarte fraude minstens het dubbele moet zijn'.",2,Ander/Geen,✅,Ander/Geen,✅,Ander/Geen,❌,Justitie & veiligheid,❌,Werk & Inkomen,❌,Justitie & veiligheid,2,Justitie & veiligheid/R,"Erg lastig, ander/geen zou ook heel logisch zijn. Voor mij gaf de doorslag dat hij beleid gemaakt heeft op het idee dat er heel veel fraude is, en dus beleid om fraude tegen te gaan. ",Ander/Geen,Ander/Geen,Ander/Geen,Justitie & veiligheid/R,Werk & Inkomen/R,Justitie & veiligheid/R
5e4da803846c56287154c31ff760700e887ab23e0ac25f3f5e24238f-4-Overig,Maar er zijn politici die dat juist wel doen.,"Investeren in jezelf, dat is ook iets moois', aldus **VVD-lijsttrekker** Dilan Yesilgöz in het tv-programma College Tour op 22 oktober.",Zij had het over de zogeheten 'pechgeneratie' die geen basisbeurs heeft ontvangen.,2,Ander/Geen,✅,Ander/Geen,✅,Ander/Geen,❌,"O.wijs, Cult. & Wetensch.",❌,Werk & Inkomen,❌,"O.wijs, Cult. & Wetensch.",2,"O.wijs, Cult. & Wetensch./R","Ook lastig, maar zij zegt dat feitelijk dat de pechgeneratie niet geholpen gaat worden, en is dus tegen betaalbaarheid van studie",Ander/Geen,Ander/Geen,Ander/Geen,"O.wijs, Cult. & Wetensch./R",Werk & Inkomen/R,"O.wijs, Cult. & Wetensch./R"
7cca0fdf7bb3549553d9b8b94d35b6d671f15c0806bd42c89df5da9b-1-Overig,,"Een besluit over een wettelijk rouwverlof is niet meer aan dit kabinet, vindt demissionair **minister** van Sociale Zaken Karien van Gennip.",Vakbond CNV pleit na eigen onderzoek opnieuw voor een wettelijke regeling om langer te rouwen bij overlijden.,2,Ander/Geen,✅,Ander/Geen,✅,Ander/Geen,❌,Gezondheid,❌,Burgerrechten,❌,Werk & Inkomen,2,Werk & Inkomen/N,"Verlof is een arbeidsvoorwaarde, dus W&I. Ze neemt er geen besluit meer over, dus /N",Ander/Geen,Ander/Geen,Ander/Geen,Gezondheid/N,Burgerrechten/L,Werk & Inkomen/N
7fbf454ca02dd81c4babf738e8c29bd71d9c074eb84a99f78fd51dab-21-GL/PvdA,Het Europees Parlement wil verder een verbod op het gebruik van gegevens van minderjarigen.,"""Onze samenleving staat onder druk door politieke advertenties die verdeeldheid zaaien en versplintering bevorderen"", reageert Europarlementariër Paul Tang (**PvdA**) tegenover de NOS.","""Met microtargeted advertenties aan hypergerichte groepen beïnvloedt het zelfs verkiezingen en wetgevingsprocessen.",2,Ander/Geen,✅,Ander/Geen,✅,Ander/Geen,❌,Burgerrechten,❌,Burgerrechten,❌,Beter bestuur,2,Beter bestuur/L,"Tang uit zijn zorgen over microtargeting omdat dat slecht is voor de democratie. Hij is dus voor democratisering, dus beter bestuur / L",Ander/Geen,Ander/Geen,Ander/Geen,Burgerrechten/L,Burgerrechten/R,Beter bestuur/L
d276d6462900b4b2b278e1f0a81d78d94ef03e647c6a5b8d2369b438-2-NSC,Tweede Kamerverkiezingen,Het nieuwe sociaal contract van Pieter **Omtzigt** verwerpt individualisme en omarmt saamhorigheid.,"Het resultaat is een contract vol clausules, bepalingen en hoge verwachtingen - van overheid én burgers.",2,Ander/Geen,✅,Ander/Geen,✅,Ander/Geen,❌,Beter bestuur,❌,Beter bestuur,❌,Burgerrechten,2,Burgerrechten/R,"Omtzigt is voor saamhorigheid en tegen individualisme, en heeft dus een voorkeur voor traditionele gemeenschapszin",Ander/Geen,Ander/Geen,Ander/Geen,Beter bestuur/L,Beter bestuur/L,Burgerrechten/R
da8fd1e4466e750c1e92c890ada24ede9ac5089cadc701a0f8a63cd7-6-BBB,Zeker ook omdat de weerstand tegen de wolf rond het Drents-Friese Wolf en de Veluwe enorm toeneemt.,"Direct nadat de **BoerBurgerBeweging** (**BBB**) dit jaar in Gelderland aan de macht was gekomen, trok de partij fel van leer tegen de wolf.",Gedeputeerde Harold Zoet laat geen mogelijkheid onbenut om te vertellen dat hij wil dat wolven afgeschoten mogen worden.,2,Landbouw & Platteland,❌,Ander/Geen,✅,Landbouw & Platteland,❌,Milieu & klimaat,✅,Landbouw & Platteland,❌,Milieu & klimaat,2,Milieu & klimaat/R,"Dierenwelzijn is milieu, en dieren afschieten dus milieu/R",Landbouw & Platteland/R,Ander/Geen,Landbouw & Platteland/R,Milieu & klimaat/R,Landbouw & Platteland/R,Milieu & klimaat/R
e69dc70e0ee57f60ac1459ab5c8a6d3800f07c9fd973eab772ab7d6d-4-VVD,a,De **VVD** schrijft in haar verkiezingsprogramma dat 'de grens van wat tegelijkertijd kan ruimschoots is bereikt'.,"Om te zorgen dat er plek blijft om te wonen maar er ook ruimte is voor bedrijven, bepleit de partij een 'slimme industriepolitiek'.",2,Ander/Geen,✅,Ander/Geen,✅,Ander/Geen,❌,Werk & Inkomen,❌,Woningbouw,❌,Werk & Inkomen,2,Werk & Inkomen/R,"Industriepolitiek is het stimuleren van het bedrijfsleven, dus W&I/R",Ander/Geen,Ander/Geen,Ander/Geen,Werk & Inkomen/R,Woningbouw/N,Werk & Inkomen/R
0e7848b63e59859d08908f275af2f6c2550d1834efbe62026fb9f6e3-14-GL/PvdA,"Over zeven jaar, is de planning.","Ook landelijke kopstukken, zoals Frans **Timmermans** (**GroenLinks-PvdA**) en CDA-Kamerlid Joba van den Berg, waren daarbij aanwezig.","De Groot, geërgerd: 'Die zeiden: de SEH moet openblijven, het personeelstekort lossen we wel op.",3,Ander/Geen,❌,Gezondheid,❌,Gezondheid,✅,Ander/Geen,✅,Ander/Geen,✅,Ander/Geen,3,Ander/Geen,"De Groot heeft wel een positie over Zorg, maar PvdA uit geen positie",Ander/Geen,Gezondheid/L,Gezondheid/N,Ander/Geen,Ander/Geen,Ander/Geen
168838aaf49004216eddf47876ccc156efc6fbd2b8918215d248e877-4-CDA,Na de verkiezingen staat de bespreking van ingrijpende voorstellen van het adviescollege op de agenda in de Tweede Kamer.,Het adviescollege onder leiding van oud-politicus Pieter van Geel (**CDA**) heeft vijftig aanbevelingen gedaan die het omroepstelsel flink zouden veranderen.,Het is aan de politiek om te bepalen welke adviezen zij wil overnemen.,3,"O.wijs, Cult. & Wetensch.",✅,"O.wijs, Cult. & Wetensch.",❌,Ander/Geen,✅,"O.wijs, Cult. & Wetensch.",❌,Beter bestuur,✅,"O.wijs, Cult. & Wetensch.",2,"O.wijs, Cult. & Wetensch./N","Publieke omroep is OCW, maar wat van Geel ermee wil is niet duidelijk, dus /N","O.wijs, Cult. & Wetensch./N","O.wijs, Cult. & Wetensch./R",Ander/Geen,"O.wijs, Cult. & Wetensch./N",Beter bestuur/L,"O.wijs, Cult. & Wetensch./N"
23e8bef3c7d4ece0b1792636265376b4fd8d8dfa89197a45635c7107-24-BBB,Alles was rond:,"bouwvergunningen, toestemming van de gemeente en groen licht van de provincie, waar de coalitiepartijen (**BBB**, VVD, GroenLinks en PvdA) het deze zomer zelfs hadden vastgelegd in hun coalitieakkoord.","Alleen moest de provincie nog een 'verklaring van geen bedenkingen' afgeven voor het doorkruisen van het bestemmingsplan, dat op die locatie verkeer, water of groen voorschrijft.",3,Ander/Geen,❌,Woningbouw,❌,Woningbouw,✅,Ander/Geen,✅,Ander/Geen,✅,Ander/Geen,3,Ander/Geen,Het is niet duidelijk waar het hier om gaat (te weinig context),Ander/Geen,Woningbouw/N,Woningbouw/N,Ander/Geen,Ander/Geen,Ander/Geen
284950d6d5aa5c77aa1a3ad6415c50e3892494d98d3253516ae16c9c-3-VVD,Saoedi’s aan de bak,DEN HAAG Saoedi-Arabië is gestart met opknapwerkzaamheden in de tuin van een van hun panden aan de Haagse Van Bleiswijkstraat nadat de **VVD** kritiek uitte op de staat van twee panden in eigendom van het koninkrijk.,"„Buitenlandse Zaken heeft, nadat zij heeft aangegeven de diplomatieke status van de gebouwen niet langer toe te kennen, intensief contact gehad met het Saoedi-Arabië”, schrijft het college.",3,Ander/Geen,✅,Ander/Geen,✅,Ander/Geen,❌,Defensie,✅,Ander/Geen,❌,Defensie,3,Ander/Geen,"VVD heeft kritiek op SA, maar het is geen issuepositie op buitenlands beleid",Ander/Geen,Ander/Geen,Ander/Geen,Defensie/N,Ander/Geen,Defensie/N
2beed05548aa23dcb0154c278e808f356e1f61c7111970bdde5e9686-1-PVV,,Verkiezingsblog **Wilders** ziet minderheidskabinet niet zitten: 'Niet stabiel',,3,Ander/Geen,✅,Ander/Geen,✅,Ander/Geen,❌,Beter bestuur,❌,Beter bestuur,✅,Ander/Geen,3,Ander/Geen,Uitspraken over coalitievoorkeuren zijn geen issue positie,Ander/Geen,Ander/Geen,Ander/Geen,Beter bestuur/R,Beter bestuur/N,Ander/Geen
3e7a61003e736d8b85008a07b3408eab41fd63385e2852caa79351ff-3-NSC,Moet de voertaal in collegezalen weer Nederlands worden?,"In een debat op de Haagse Hogeschool kreeg **NSC** het dinsdagavond lastig, onder meer vanwege de beoogde vrijstelling voor 'kroonjuwelen'.","Het Nationaal Hoger Onderwijs Debat, georganiseerd door de Vereniging Hogescholen, de studentenkoepel ISO en de verenigde universiteiten, stond dinsdagavond in het teken van twee splijtende kwesties:",3,"O.wijs, Cult. & Wetensch.",✅,"O.wijs, Cult. & Wetensch.",❌,Ander/Geen,✅,"O.wijs, Cult. & Wetensch.",✅,"O.wijs, Cult. & Wetensch.",❌,Immigratie,3,Immigratie/N,"Volgens codeboek is tegengaan van buitenlandse studenten immigratie/R. We lezen er hier in dat de maatregelen niet bedoeld zijn om onderwijs te verbeteren, maar om het te vernederlandsen","O.wijs, Cult. & Wetensch./N","O.wijs, Cult. & Wetensch./N",Ander/Geen,"O.wijs, Cult. & Wetensch./N","O.wijs, Cult. & Wetensch./N",Immigratie/N
843ca43e0c7db61b371ec1980672cad86e2d2a7caa0f95a9bedbeb65-7-CDA,"De stemhulp heeft de standpunten van acht partijen verzameld over seksualiteit, seksuele voorlichting op scholen, abortus, gratis Hiv-testen en anticonceptie.",Jammer alleen dat behalve **CDA** en VVD geen enkele rechtse partij hieraan mee heeft gedaan.,Het SBS-programma Hart van Nederland heeft een heel aparte stemhulp 'KiesHart' laten maken.,3,Burgerrechten,✅,Burgerrechten,❌,Ander/Geen,✅,Burgerrechten,❌,Ander/Geen,✅,Burgerrechten,3,Burgerrechten/N,"CDA heeft kennelijk een standpunt over seksualiteit, maar het is niet duidelijk wat het standpunt is. ",Burgerrechten/N,Burgerrechten/N,Ander/Geen,Burgerrechten/N,Ander/Geen,Burgerrechten/N
8e2c33ac7ad00117406f066aa0621e95473877649c1c421999cefacf-1-Overig,,**NSC-lijsttrekker** Pieter Omtzigt heeft nog altijd de voorkeur voor een minderheidskabinet.,"Maar mocht er na de verkiezingen toch worden gesproken over een meerderheidskabinet, dan loopt hij daar niet voor weg.",3,Ander/Geen,✅,Ander/Geen,✅,Ander/Geen,❌,Beter bestuur,❌,Beter bestuur,✅,Ander/Geen,3,Ander/Geen,Uitspraken over coalitievoorkeuren zijn geen issue positie,Ander/Geen,Ander/Geen,Ander/Geen,Beter bestuur/L,Beter bestuur/L,Ander/Geen
98df5d15af07d544921b6561ca58925c90539cc15ab12128593ec4ec-1-VVD,,"Verschillende partijen willen sterk bezuinigen op ontwikkelingssamenwerking, de **VVD** denkt 5,3 miljard te bezuinigen door deze te beperken tot noodhulp.",Helaas of juist gelukkig: dat kan niet.,3,Defensie,❌,Ander/Geen,❌,Ander/Geen,✅,Defensie,✅,Defensie,✅,Defensie,3,Defensie/R,"VVD wil bezuinigen op ontw. hulp, dat is buitenlands beleid en tegen /L, dus defensie/R",Defensie/R,Ander/Geen,Ander/Geen,Defensie/R,Defensie/R,Defensie/R
9a0061bc0295ba03d2a44952bf073580e0c26d239e9329140ddc2777-1-NSC,,**Omtzigt** wil toch premier worden,"Als NSC de grootste partij wordt bij de verkiezingen en er komt een kabinet met vakministers dan ""zou het eventueel kunnen"" dat lijsttrekker Pieter Omtzigt daar leiding aan gaat geven.",3,Ander/Geen,✅,Ander/Geen,✅,Ander/Geen,❌,Beter bestuur,❌,Beter bestuur,✅,Ander/Geen,3,Ander/Geen,Uitspraken over coalitievoorkeuren zijn geen issue positie,Ander/Geen,Ander/Geen,Ander/Geen,Beter bestuur/L,Beter bestuur/L,Ander/Geen
9a7f7f3529825642bb23c7ca8beffbd8ec6a5ec450adf0b627015a0c-25-D66,Zij trekken liever naar partijen die traditioneel opkomen voor de belangen van etnische minderheden.,"Bij de vorige verkiezingen waren dat Denk, Bij1, **D66**, GroenLinks en PvdA.",In de peilingen blijft,3,Burgerrechten,✅,Burgerrechten,❌,Ander/Geen,✅,Burgerrechten,❌,Ander/Geen,✅,Burgerrechten,2,Burgerrechten/L,"D66 komt op voor belangen van minderheden, dus burgerrechten/L. Ook een standpunt in het verleden is een standpunt als er niet staat dat ze intussen van gedachten zijn veranderd",Ander/Geen,Burgerrechten/N,Ander/Geen,Burgerrechten/L,Ander/Geen,Burgerrechten/L
b5cd04f02548c201e000ad6fcf015b1edd90082c1469a7c4a74a5b34-3-NSC,Bestaanszekerheid' speelt in deze verkiezingscampagne een rol van betekenis.,"Pieter **Omtzigt** begon ermee, en inmiddels ligt het woord voor op de tong van politici links en rechts.",Waar het over gaat?,3,Werk & Inkomen,❌,Ander/Geen,❌,Ander/Geen,✅,Werk & Inkomen,✅,Werk & Inkomen,✅,Werk & Inkomen,3,Werk & Inkomen/L,"Bestaanszekerheid is lastig omdat het (expres) een nevelig begrip is, en ook bv betaalbaarheid van woningen en zorg kan behelzen. Echter, als het zonder uitleg wordt genoemd gaat het toch vooral over nivelleren/minima/armoedebestrijding, dus W&I/L",Werk & Inkomen/L,Ander/Geen,Ander/Geen,Werk & Inkomen/L,Werk & Inkomen/L,Werk & Inkomen/L
b7877f9a0499bd917ccc47ae994d3caaaa8c3a7402e2903cbb9d55e6-20-Overig,Hij meent dat zijn werkgever hem onvoldoende heeft gesteund toen advocaat Eva González Pérez klachten indiende tegen de medewerkers van het CAF.,"Ook **Kamerlid** Pieter Omtzigt vroeg om het bestraffen van individuele ambtenaren, en de toenmalige staatssecretarissen Hans Vijlbrief en Alexandra van Huffelen deden in 2020 aangifte tegen de Belastingdienst.",De projectleider stelt dat hij psychische klachten heeft overgehouden aan het toeslagenschandaal.,3,Justitie & veiligheid,❌,Beter bestuur,✅,Justitie & veiligheid,✅,Justitie & veiligheid,❌,Beter bestuur,✅,Justitie & veiligheid,3,Justitie & veiligheid/R,"Omtzigt wil ambtenaren die de fout in gaan (zijn gegaa) hard bestraffen, dus veiligheid/R",Justitie & veiligheid/R,Beter bestuur/N,Justitie & veiligheid/R,Justitie & veiligheid/R,Beter bestuur/L,Justitie & veiligheid/R
b89e61c95669cb3227cbec769fa66d60b011238740aa46914ee9bdb5-7-GL/PvdA,"Vicevoorzitter Aleid Wolfsen legt uit dat het onterecht verwerken van persoonlijke informatie Meta veel geld oplevert, maar dat het belangrijker is om de privacy van mensen te beschermen.","Volgens Europarlementariër Kim van Sparrentak (**GroenLinks**), gespecialiseerd in wetgeving over onlineplatforms, is de uitspraak groot nieuws.","""Het verdienmodel van Meta is niet in lijn met onze privacywetgeving in Europa.""",3,Ander/Geen,❌,Justitie & veiligheid,✅,Ander/Geen,✅,Ander/Geen,❌,Burgerrechten,✅,Ander/Geen,3,Burgerrechten/L,"GroenLinks is voor privacy, en dat is burgerrechten/L",Ander/Geen,Justitie & veiligheid/R,Ander/Geen,Ander/Geen,Burgerrechten/L,Ander/Geen
c249e7967af5369a9e0f5e128896c724e03be3c81446e2b5256f2faa-8-GL/PvdA,"Nu kun je je tegen ongerijmdheden verzetten, maar je krijgt toch niet veranderd dat mensen bij bijvoorbeeld",**GroenLinks** hun hele wereldbeeld baseren op één strijd:,"die tegen de éne grote vijand: het kolonialistische, seksistische, kapitalistische complex.",3,Ander/Geen,✅,Ander/Geen,✅,Ander/Geen,❌,Burgerrechten,✅,Ander/Geen,❌,Burgerrechten,3,Burgerrechten/L,"GL is tegen kolonialisme en seksisme, en dus voor gelijke behandeling en minderheden (=burgerrechten/L)",Ander/Geen,Ander/Geen,Ander/Geen,Burgerrechten/L,Ander/Geen,Burgerrechten/L
c7c397b7202db002843c08feba8178df8921bb1cb112de0e615e70d8-27-Overig,Het opstappen van Inge Bryan staat niet op zichzelf.,"Na structurele problemen bij de afdelingen van de Landelijke Eenheid die zich bezighouden met undercoverwerk, besloot de **minister** van Justitie een andere commissie in te stellen, dit keer onder leiding van **oud-minister** Winnie Sorgdrager.",Haar bevindingen lieten maar op zich wachten en slechts een paar insiders wisten waarom.,3,Ander/Geen,✅,Ander/Geen,✅,Ander/Geen,❌,Justitie & veiligheid,✅,Ander/Geen,❌,Justitie & veiligheid,3,Ander/Geen,Instellen van een commissie is geen standpunt,Ander/Geen,Ander/Geen,Ander/Geen,Justitie & veiligheid/N,Ander/Geen,Justitie & veiligheid/N
d867cd1e5dca86b8f06874941a01276016a33eba5e0e25783c860c63-3-GL/PvdA,"Na baggerwerkzaamheden tussen 2011 en 2016 kwamen ruim vierhonderd schademeldingen binnen, maar veel gedupeerden zijn niet of halfslachtig gecompenseerd.","We begrijpen dat het vertrouwen in een goede afhandeling is beschadigd', zegt gedeputeerde Martijn Dadema (**GroenLinks**).",Hij wil een 'bestuurlijk kopstuk' van buiten de provincie aanstellen als contactpersoon voor gedupeerden.,3,Ander/Geen,❌,Beter bestuur,✅,Ander/Geen,✅,Ander/Geen,❌,Beter bestuur,✅,Ander/Geen,3,Ander/Geen,Instellen van een commissie is geen standpunt,Ander/Geen,Beter bestuur/L,Ander/Geen,Ander/Geen,Beter bestuur/L,Ander/Geen
da9882225d284e5399bd4ed29090ee478d72f6c8c941586bdfc121b6-15-Volt,"Inflatie, wonen, zorg en migratie gaan daarbij aan kop.","Niet gek dus dat politieke partijen hun ideeën over wat er in het buitenland gebeurt achteraan in hun verkiezingsprogramma opschreven, **Volt** uitgezonderd.","De oorlog in Oekraïne krijgt de meeste aandacht en ""heeft het onvoorstelbare weer voorstelbaar gemaakt"", schrijft de VVD.",3,Defensie,✅,Defensie,❌,Ander/Geen,✅,Defensie,❌,Ander/Geen,✅,Defensie,3,Defensie/N,"Volt vindt buitenalnd belangrijk, maar er wordt niet gezegd wat ze vinden",Defensie/N,Defensie/N,Ander/Geen,Defensie/N,Ander/Geen,Defensie/N
ee2fb7c01e43b145b4ac6f8eeca8ca49545c60c31b9eee983829078d-33-VVD,"Vervolgens eigende hij zich de Turkijedeal toe, die uit Duitsland kwam, en door ‘pushbacks’ vanaf Griekse eilanden werd ontsierd, en dat is dan nog zacht uitgedrukt.","Om de **VVD** enigszins te sussen praalde hij met de ongelukkige deal met Tunesië, een drama dat in 2023 sneefde met tv-beelden van vluchtelingen die de Tunesisch-Libische woestijn werden ingedreven.",Ten vijfde:,3,Ander/Geen,✅,Ander/Geen,❌,Immigratie,❌,Immigratie,✅,Ander/Geen,✅,Ander/Geen,3,Ander/Geen,"""hij"" heeft misschien een issuestandpunt, maar het wordt niet duidelijk wat de VVD vindt.",Ander/Geen,Ander/Geen,Immigratie/N,Immigratie/R,Ander/Geen,Ander/Geen
efd88334cdbb8c5f8e17d65b5c3cb347934b7c98ee931124faa5a409-12-D66,"Koos Vervoort is taalambassadeur, leerde op latere leeftijd lezen en schrijven.","Margreet de Vries, kandidaat lid Tweede Kamer voor **D66**.",Het onderwerp laaggeletterdheid is weer populair.,3,Ander/Geen,✅,Ander/Geen,✅,Ander/Geen,❌,"O.wijs, Cult. & Wetensch.",✅,Ander/Geen,❌,"O.wijs, Cult. & Wetensch.",3,Ander/Geen,D66 uit hier geen issuepositie,Ander/Geen,Ander/Geen,Ander/Geen,"O.wijs, Cult. & Wetensch./N",Ander/Geen,"O.wijs, Cult. & Wetensch./N"
f25d56a5f0ac6aff0246b2b477bc42888ba49bdd00d9617fe0419efa-3-BBB,dwangwet asiel ’gewoon’ behandelen,Woede om opstelling **BBB**,Den Haag De dwangwet voor asielopvang is door de Eerste Kamer niet controversieel verklaard:,3,Immigratie,❌,Ander/Geen,✅,Immigratie,✅,Immigratie,❌,Ander/Geen,✅,Immigratie,3,Immigratie/N,"BBB heeft een mening (opstelling) over de asielwet, maar het wordt niet duidelijk wat deze is, dus immigratie/N",Immigratie/N,Ander/Geen,Immigratie/N,Immigratie/N,Ander/Geen,Immigratie/N
f883d09e1589d9ba3ab9a8b9737885a556f23037effcfd372978d0c8-4-VVD,ZOETERMEER Zoetermeerders die last hebben van illegale straatraces op de provinciale N209 kunnen sinds deze week terecht bij een speciaal meldpunt.,"De **VVD**, PvdA en Zó Zoetermeer hebben de handen ineengeslagen ’om inwoners hun gewenste nachtrust terug te geven’.",„Bewoners liggen hier al jaren wakker van.,3,Justitie & veiligheid,❌,Ander/Geen,❌,Ander/Geen,✅,Justitie & veiligheid,✅,Justitie & veiligheid,✅,Justitie & veiligheid,3,Justitie & veiligheid/R,"VVD gaat illegale straatraces aanpakken, dus criminaliteit bestrijden = jusitie/R",Justitie & veiligheid/R,Ander/Geen,Ander/Geen,Justitie & veiligheid/R,Justitie & veiligheid/R,Justitie & veiligheid/R
1120e86a435e8ed2d726abab7ba41dfbbb97e834aff6c0cebdb1ab52-9-Overig,Maar vervolgens schetsen de onderzoekers een lange reeks denkrichtingen en maatregelen die Nederland kan nemen om de zeespiegelstijging het hoofd te bieden.,"En de toon is eigenlijk nog dezelfde als vijftien jaar geleden, toen een gewichtige Deltacommissie onder voorzitterschap van **oud-minister** Cees Veerman voor het eerst voorstellen deed Nederland ‘klimaatbestendig’ te maken: „Er is geen enkele reden voor paniek, we moeten ons wel zorgen maken over de toekomst”, aldus Veerman",Deze kalme vastberadenheid kenmerkt ook het rapport van het Kennisprogramma Zeespiegelstijging.,4,Milieu & klimaat,✅,Milieu & klimaat,✅,Milieu & klimaat,✅,Milieu & klimaat,✅,Milieu & klimaat,❌,Ander/Geen,3,Milieu & klimaat/N,"Veerman doet voorstellen over het klimaat, maar wat het betekent (minder broeikasgassen of hogere dijken) wordt niet duidelijk",Milieu & klimaat/L,Milieu & klimaat/N,Milieu & klimaat/L,Milieu & klimaat/L,Milieu & klimaat/L,Ander/Geen
1cc21eff11fc7e9f135ca9eb7b3101cc6a9ef1afe954cf1af4a50398-1-Overig,,**D66-lijsttrekker** Rob Jetten is kritisch op partijgenoten die tijdens of na hun politieke baan in de fossiele energiesector gaan werken.,"""Ik begrijp niet waarom mensen voor dit soort banen kiezen"", zegt hij in Nieuwsuur.",4,Milieu & klimaat,✅,Milieu & klimaat,✅,Milieu & klimaat,✅,Milieu & klimaat,✅,Milieu & klimaat,❌,Ander/Geen,4,Milieu & klimaat/L,"Het is een beetje impliciet, maar D66 is kennelijk toch tegen fossiele brandstoffen",Milieu & klimaat/L,Milieu & klimaat/L,Milieu & klimaat/L,Milieu & klimaat/L,Milieu & klimaat/L,Ander/Geen
2da5ac3a793d3b60b6d15f52ba979a7007e56697ab2b9106312e34a3-1-Overig,,"Demissionair **minister** Dilan Yeşilgöz van Justitie en Veiligheid vindt het ""zeer kwalijk"" dat de Haagse politie de aangifte van een journalist tegen de VVD-perschef niet goed blijkt te hebben opgepakt.",Als minister heeft Yeşilgöz zich altijd hard gemaakt voor het zwaar bestraffen van agressie en geweld tegen journalisten.,4,Justitie & veiligheid,✅,Justitie & veiligheid,✅,Justitie & veiligheid,✅,Justitie & veiligheid,❌,Ander/Geen,✅,Justitie & veiligheid,4,Justitie & veiligheid/R,Hard straffen,Justitie & veiligheid/R,Justitie & veiligheid/R,Justitie & veiligheid/R,Justitie & veiligheid/R,Ander/Geen,Justitie & veiligheid/R
2def510fa3389deed3eb595eab85963aa322a1f9f48788d9d138131b-3-Overig,"Na maandenlange discussies komt er in 2024-2025 ook in Nederland een totaalverbod op mobiele telefoons in de klas.,Vanaf het schooljaar 2024-2025 moeten leerlingen op basisscholen en in het speciaal onderwijs het zonder hun smartphone in de klas stellen.","Dat heeft demissionair **minister** Mariëlle Paul (Primair en Voortgezet Onderwijs, VVD) dinsdag bekendgemaakt in een brief aan de Tweede Kamer.",Eerder dit jaar kondigde het ministerie van Onderwijs al de komst van een landelijke richtlijn aan om de smartphone uit de klas te weren.,4,"O.wijs, Cult. & Wetensch.",✅,"O.wijs, Cult. & Wetensch.",❌,Ander/Geen,✅,"O.wijs, Cult. & Wetensch.",✅,"O.wijs, Cult. & Wetensch.",✅,"O.wijs, Cult. & Wetensch.",3,"O.wijs, Cult. & Wetensch./N","Beleid past niet op de dimensies, dus /N","O.wijs, Cult. & Wetensch./N","O.wijs, Cult. & Wetensch./N",Ander/Geen,"O.wijs, Cult. & Wetensch./L","O.wijs, Cult. & Wetensch./N","O.wijs, Cult. & Wetensch./N"
36315804e5e29b22ae29048910cb2f9bd16fa0486317de0ad4de33c8-5-Overig,"En Rutte ging weer flyeren.,Hij wil het zelf liever niet, maar de vraag wie dan wel, blijft deze verkiezingscampagne terugkeren.",**NSC-lijsttrekker** Pieter Omtzigt zei zaterdagavond bij Nieuwsuur dat het „een mogelijkheid” is dat zijn partij iemand van buiten vraagt om premier te worden als NSC op 22 november de grootste wordt.,"„Daar zijn we nog niet uit als partij”, zei Omtzigt.",4,Ander/Geen,✅,Ander/Geen,✅,Ander/Geen,❌,Beter bestuur,✅,Ander/Geen,✅,Ander/Geen,4,Ander/Geen,,Ander/Geen,Ander/Geen,Ander/Geen,Beter bestuur/L,Ander/Geen,Ander/Geen
3ed8d9d1a609f6f5b36a0610844dcd4460f5a5a9c72dd05ed9ea507a-6-VVD,Michel van Bergen,**VVD** wil doorpakken na sneuvelen van windmolens Noorder IJplas,’Vertrouwen in provincie is extreem laag’,4,Milieu & klimaat,✅,Milieu & klimaat,❌,Ander/Geen,✅,Milieu & klimaat,✅,Milieu & klimaat,✅,Milieu & klimaat,4,Milieu & klimaat/N,Het is niet duidelijk wat 'doorpakken' hier betekent. ,Milieu & klimaat/N,Milieu & klimaat/N,Ander/Geen,Milieu & klimaat/N,Milieu & klimaat/N,Milieu & klimaat/N
45f92430417f32cef53f10aba18b93acccc6519e697220f6dcc27cb7-11-GL/PvdA,Op de landelijke demonstratie ‘Samen voor Palestina’ kwamen zondag vele duizenden mensen af – een politie-agent had het tegen persbureau ANP over 15.000 mensen.,"De demonstratie was op touw gezet door islamitisch Centrum de Middenweg en Rotterdam voor Gaza – een samenwerking van onder andere SP Rotterdam, **PvdA** Rotterdam, **GroenLinks** Rotterdam, Platform Islamitische organisaties Rijnmond (SPIOR), Palestina Komitee Rotterdam en de Pauluskerk.",De organisatoren willen „onze stem verheffen tegen genocide en oorlogsmisdaden in Palestina”.,4,Defensie,✅,Defensie,❌,Ander/Geen,✅,Defensie,✅,Defensie,✅,Defensie,4,Defensie/L,"""Gaza"" zelf is geen standpunt, maar richting zit wel duidelijk in laatste zin: organisatoren, waaronder PvdA/GL, demonstreren tegen oorlogsmisdaden, en dus voor vrede/rules based order",Defensie/L,Defensie/L,Ander/Geen,Defensie/L,Defensie/L,Defensie/L
5398412416f3c9e8da6d330b635c30bf40d98b2896849e4ab9cd819e-6-GL/PvdA,"De nucleaire paradox: grotere dreiging, minder aandacht.","De SP, de Partij voor de Dieren en **GroenLinks/PvdA** in mindere mate, zijn kernwapenschuw.",Bij de ChristenUnie is het nu een onsje minder.,4,Defensie,✅,Defensie,❌,Ander/Geen,✅,Defensie,✅,Defensie,✅,Defensie,4,Defensie/L,Tegen kernwapens dus voor vrede,Defensie/L,Defensie/L,Ander/Geen,Defensie/L,Defensie/L,Defensie/L
5d02c7031a3afbf05b72595aa926944f113c877e9b61ae5d80df3b7e-6-Overig,"Als uit dat onderzoek blijkt dat de verhoging niet nodig is en ook niet zorgt voor veiliger verkeer, zou het kabinet ervan af moeten zien.",**Minister** Dilan Yesilgöz van Justitie en Veiligheid wil komend jaar de verkeersboetes met 10 procent verhogen.,"Iets meer dan de helft (5,7 procent) is inflatiecorrectie, maar de overige 4,3 procent is bedoeld om de rijksbegroting op orde te krijgen.",4,Justitie & veiligheid,✅,Justitie & veiligheid,✅,Justitie & veiligheid,✅,Justitie & veiligheid,✅,Justitie & veiligheid,❌,Infrastructuur & Mobiliteit,4,Justitie & veiligheid/R,Boetes verhogen is criminaliteit bestrijden. ,Justitie & veiligheid/R,Justitie & veiligheid/R,Justitie & veiligheid/R,Justitie & veiligheid/R,Justitie & veiligheid/R,Infrastructuur & Mobiliteit/L
60aafcee250648e253e4869114502a657c37cbcfc47a1c96746d7893-21-D66,Waarschijnlijk is het debat volgende week donderdag.,"**D66** en SP, die het debat hebben aangevraagd, wilden deze week al over de oorlog praten.",Maar een meerderheid van de Kamer steunde vandaag het CDA-voorstel om te wachten tot demissionair minister Bruins Slot van Buitenlandse Zaken een reeks vragen over de oorlog tussen Israël en Hamas heeft beantwoord.,4,Defensie,❌,Ander/Geen,✅,Defensie,✅,Defensie,✅,Defensie,✅,Defensie,4,Defensie/N,"Het gaat om buitenlands beleid, maar niet duidelijk wat hun standpunt is",Defensie/N,Ander/Geen,Defensie/N,Defensie/N,Defensie/N,Defensie/N
6666030b944af48f4ce2c86469eec029022aef3000243a3307467c21-7-D66,En dieren krijgen geen voer meer dat ook mensen kunnen eten.,Dat is de kern van de visie op kringlooplandbouw die **D66-Kamerlid** Tjeerd de Groot donderdag presenteerde in Pakhuis de Zwijger in Amsterdam.,Die preek hield hij - toch bijzonder in campagnetijd - bepaald niet voor eigen parochie.,4,Landbouw & Platteland,✅,Landbouw & Platteland,✅,Landbouw & Platteland,❌,Milieu & klimaat,✅,Landbouw & Platteland,✅,Landbouw & Platteland,3,Landbouw & Platteland/L,Voor kringlooplandbouw,Landbouw & Platteland/L,Landbouw & Platteland/N,Landbouw & Platteland/L,Milieu & klimaat/L,Landbouw & Platteland/L,Landbouw & Platteland/L
6d9cc2244749f09cc1649a8d300402a4cee7b19d2e3aa8f4723dde2b-1-NSC,,Campagne • Een premier van buiten de partijen halen ziet **NSC** als een serieuze mogelijkheid.,"Het is vaker gebeurd, vooral in de jaren vijftig en zestig.",4,Beter bestuur,✅,Beter bestuur,✅,Beter bestuur,✅,Beter bestuur,✅,Beter bestuur,❌,Ander/Geen,4,Ander/Geen,,Beter bestuur/L,Beter bestuur/L,Beter bestuur/L,Beter bestuur/L,Beter bestuur/L,Ander/Geen
7b1258a448cea928311a203b1fdcd8f365e228b1bd34c9fee9998172-8-D66,Video:,**Jetten** en Wilders botsen over 'extreemrechts',"Jetten (D66) hield bij het Debat van het Zuiden een pleidooi om ""op het midden te stemmen"" om een ""extreemrechts"" kabinet met de PVV te voorkomen.",4,Ander/Geen,✅,Ander/Geen,✅,Ander/Geen,✅,Ander/Geen,❌,Burgerrechten,✅,Ander/Geen,4,Ander/Geen,,Ander/Geen,Ander/Geen,Ander/Geen,Ander/Geen,Burgerrechten/L,Ander/Geen
7cbf2b04815767a3c22867b19e6951a8473997343d54e79ebbdb1559-12-D66,Landen haken dan af en dreigen in de invloedsfeer van Rusland en China terecht te komen.,Daarom wil **D66** dat Nederland zich achter het voorstel van de Europese Commissie schaart om Oekraïne een welverdiende kans te geven.,Tegelijkertijd pleiten we voor het vernieuwen van het uitbreidingsproces om nieuwe ongelukken te voorkomen.,4,EU en handel,✅,EU en handel,❌,Ander/Geen,✅,EU en handel,✅,EU en handel,✅,EU en handel,3,EU en handel/L,Voor uitbreiding EU,EU en handel/L,EU en handel/N,Ander/Geen,EU en handel/L,EU en handel/L,EU en handel/L
7dac5e353335f94fb808a38537d5cf55bc5e1db06dc1fcee7813bc0c-4-NSC,Ik vroeg het me af toen,Pieter **Omtzigt** in het RTL-debat vorig weekend zei dat het vooral voor „jonge koppels” die met hun leven willen beginnen ingewikkeld is om een huis te vinden.,"En ik dacht het toen CDA, BBB, ChristenUnie en SGP vorige week een wetsvoorstel indienden om de „eerbiediging van het gezinsleven” op te nemen in de Grondwet.",4,Woningbouw,✅,Woningbouw,❌,Ander/Geen,✅,Woningbouw,✅,Woningbouw,✅,Woningbouw,3,Woningbouw/N,<<< niet genoeg voor L,Woningbouw/N,Woningbouw/N,Ander/Geen,Woningbouw/L,Woningbouw/N,Woningbouw/N
b2eab375fd0dc0223c2b732f87b069f92ac6bc7096c38f081bbef235-17-Overig,De krimp op Schiphol zou in twee stappen gaan: van 500.000 vluchten naar 460.000 en dan de tweede stap naar 452.500 slots in 2025.,"Aanvankelijk was het einddoel zelfs 440.000, maar daar schipholde de **minister** er 12.500 bij.","„Dat was al best een teleurstelling”, aldus Visser, tevens gekozen lid van de Maatschappelijke Raad Schiphol, die namens omwonenden van Schiphol de minister adviseert.",4,Infrastructuur & Mobiliteit,✅,Infrastructuur & Mobiliteit,❌,Ander/Geen,✅,Infrastructuur & Mobiliteit,✅,Infrastructuur & Mobiliteit,✅,Infrastructuur & Mobiliteit,4,Infrastructuur & Mobiliteit/R,"Minister laat schiphol minder snel krimpen, dus voor schiphol",Infrastructuur & Mobiliteit/R,Infrastructuur & Mobiliteit/R,Ander/Geen,Infrastructuur & Mobiliteit/R,Infrastructuur & Mobiliteit/R,Infrastructuur & Mobiliteit/R
b3478acfdf46f786af6384e3540572d61ecec2892ab2f6d8f44235be-11-NSC,"Veel partijen eisen actie om de toestroom af te bouwen, omdat het zou zorgen voor oplopende woningnood, hoge werkdruk en verdringing van Nederlandse studenten.","Een van de meest uitgesproken tegenstanders van verregaande internationalisering is Pieter **Omtzigt**, wiens partij over enkele weken naar alle waarschijnlijkheid met een groot aantal zetels in de Tweede Kamer komt.",Het is de vraag of politici als Omtzigt genoegen nemen met de voorzichtige kentering die nu zichtbaar is.,4,Immigratie,✅,Immigratie,✅,Immigratie,✅,Immigratie,❌,"O.wijs, Cult. & Wetensch.",✅,Immigratie,4,Immigratie/R,Tegen buitenlandse studenten = tegen immigratie,Immigratie/R,Immigratie/R,Immigratie/R,Immigratie/R,"O.wijs, Cult. & Wetensch./R",Immigratie/R
b9596b5106ec05f016d9ab47895debb09d2cb398b9d2bea5d04f2351-1-Overig,,",Ontroerend dat juist de **SGP-lijsttrekker** Chris Stoffer bij zijn radio-optreden voor het Israëlisch volkslied kiest, waarmee hij inderdaad een tegenstellingen overstijgend verbindend vermogen laat zien.","Het jodendom erkent bijvoorbeeld niet de fysieke geboorte van Jezus Christus, wat de essentie van het christendom is, en ziet dit geloof in Christus als heidens.",4,Ander/Geen,✅,Ander/Geen,✅,Ander/Geen,❌,Defensie,✅,Ander/Geen,✅,Ander/Geen,4,Ander/Geen,,Ander/Geen,Ander/Geen,Ander/Geen,Defensie/N,Ander/Geen,Ander/Geen
bf563a40e563b79a1f71d9fea29d8e123d05a29adcd5bbee38ca6bb4-2-D66,Weerstand tegen mbo,Demissionair ministers Dijkgraaf (**D66**) en Mariëlle Paul (VVD) adviseren examenkandidaten van het vwo om een vervolgstudie te kiezen op het beroepsgerichte mbo/hbo.,"Het gaat dan om uitvoerende beroepen in de technische sector, zorg of onderwijs.",4,"O.wijs, Cult. & Wetensch.",✅,"O.wijs, Cult. & Wetensch.",❌,Ander/Geen,✅,"O.wijs, Cult. & Wetensch.",✅,"O.wijs, Cult. & Wetensch.",✅,"O.wijs, Cult. & Wetensch.",3,"O.wijs, Cult. & Wetensch./N","Hij heeft duidelijk (beleids)plannen rond onderwijs, maar beroeps vs theoretisch past niet in de dimensies, dus /N","O.wijs, Cult. & Wetensch./N","O.wijs, Cult. & Wetensch./N",Ander/Geen,"O.wijs, Cult. & Wetensch./L","O.wijs, Cult. & Wetensch./N","O.wijs, Cult. & Wetensch./N"
c6f609e5fd6c77df1c46ea37793dd4116e40e8fc68b3665d273e6a35-9-NSC,Veel politieke partijen denken kiezers te winnen met het ontmoedigen van de komst van buitenlandse studenten.,De kampioen in dit opzicht lijkt Pieter **Omtzigt** te zijn.,"Hij vindt dat alle onderwijs, op wat gastcolleges na, in het Nederlands gegeven moet worden.",4,Immigratie,✅,Immigratie,✅,Immigratie,✅,Immigratie,❌,"O.wijs, Cult. & Wetensch.",✅,Immigratie,4,Immigratie/R,"Hij is kampioen ontmoedigen, dus tegen, buitenlandse studenten",Immigratie/R,Immigratie/R,Immigratie/R,Immigratie/R,"O.wijs, Cult. & Wetensch./R",Immigratie/R
ca126e1c34125f9ca6849de9ef1de5949682db4d456f15cb0ac56e51-15-D66,Kamerdebat,"**D66**, GroenLinks-PvdA, SP, PvdD, Denk, Volt en Bij1 vinden dat niet voldoende en vinden dat Israël met de aanhoudende aanvallen op Gaza disproportioneel geweld gebruikt.","Ze willen opheldering over een naar NRC gelekt memo van de Nederlandse defensieattaché in Tel Aviv, waarin staat dat het Israëlische leger ""onevenredig geweld"" gebruikt en doelbewust aanvallen uitvoert op civiele infrastructuur.",4,Defensie,✅,Defensie,❌,Ander/Geen,✅,Defensie,✅,Defensie,✅,Defensie,4,Defensie/L,D66 vind dat geweld proportioneel moet zijn = vrede/rules based buitenlands beleid,Defensie/L,Defensie/L,Ander/Geen,Defensie/L,Defensie/L,Defensie/L
cfe2c22586e8a4d6f008ff5f8985c9d201fd578c36a7f3230542cd8c-11-Overig,"We moeten binnen de politie, maar ook als samenleving, het gesprek met elkaar aangaan, op tafel leggen hoe er wordt gedacht.",Onze **minister-president** zegt het zelf ook:,jaren geleden dacht hij heel anders over Zwarte Piet dan nu.,4,Burgerrechten,✅,Burgerrechten,❌,Ander/Geen,✅,Burgerrechten,✅,Burgerrechten,✅,Burgerrechten,3,Burgerrechten/L,"Enigszins impliciet, maar je mag hier wel uit concluderen dat hij anti-discriminatie belangrijker vindt dan traditionele waarden",Burgerrechten/L,Burgerrechten/N,Ander/Geen,Burgerrechten/L,Burgerrechten/L,Burgerrechten/L
d0d2271c52418d2bea23842ecb36a4ae2eb512a0a92eb81c70c3ece3-3-PVV,"Kiezers die belang hechten aan de klimaatparagrafen in de verkiezingsprogramma's, krijgen een uitgebreid keuzepalet voorgeschoteld.","De **PVV** haalt het klimaatbeleid 'door de shredder', terwijl de PvdD op dit beleidsterrein werkelijk alles uit de kast trekt.","Klimaatverandering mag dan ietsje gezakt zijn op het politieke prioriteitenlijstje van de gemiddelde kiezer (volgens een recente peiling van I&O Research), maar het is nog steeds een thema waar het volgende kabinet flink mee aan de slag moet.",4,Milieu & klimaat,✅,Milieu & klimaat,❌,Ander/Geen,✅,Milieu & klimaat,✅,Milieu & klimaat,✅,Milieu & klimaat,4,Milieu & klimaat/R,,Milieu & klimaat/R,Milieu & klimaat/R,Ander/Geen,Milieu & klimaat/R,Milieu & klimaat/R,Milieu & klimaat/R
d2408fc8e98f5765f9c3671830087def1e6902e3f41c76b9fd743038-5-CDA,"Om ervoor te zorgen dat de komende editie in Park de Wezenlanden kan doorgaan en ook gratis kan blijven, had de organisatie om extra geld gevraagd.","De provinciale fracties van **CDA**, ChristenUnie en SP stelden voor het bevrijdingsfestival een incidentele bijdrage van 250.000 euro te geven.","Hoewel de BBB als grootste fractie (zeventien zetels) tegenstemde, kreeg het voorstel een nipte meerderheid: 25 tegen 22.",4,"O.wijs, Cult. & Wetensch.",✅,"O.wijs, Cult. & Wetensch.",❌,Ander/Geen,✅,"O.wijs, Cult. & Wetensch.",✅,"O.wijs, Cult. & Wetensch.",✅,"O.wijs, Cult. & Wetensch.",4,"O.wijs, Cult. & Wetensch./L",laagdrempelige cultuur,"O.wijs, Cult. & Wetensch./L","O.wijs, Cult. & Wetensch./L",Ander/Geen,"O.wijs, Cult. & Wetensch./L","O.wijs, Cult. & Wetensch./L","O.wijs, Cult. & Wetensch./L"
d995ea00e287e23dfc58362e26ebb1d544a579adb0df2d583ddf6d0a-4-VVD,"gisteren, 23:23",**Yesilgöz** en Omtzigt kibbelen op X over middeninkomens,VVD-leider Dilan Yesilgöz en NSC-voorman Pieter Omtzigt kibbelen op het sociale medium X. Omtzigt vraagt zich af of middeninkomens het financieel moeilijk hebben gekregen onder het 13 jaar lange premierschap van VVD'er Mark Rutte.,4,Werk & Inkomen,❌,Ander/Geen,✅,Werk & Inkomen,✅,Werk & Inkomen,✅,Werk & Inkomen,✅,Werk & Inkomen,4,Werk & Inkomen/N,Standpunt niet duidelijk,Werk & Inkomen/N,Ander/Geen,Werk & Inkomen/N,Werk & Inkomen/N,Werk & Inkomen/N,Werk & Inkomen/N
db214070749d37df193787db44659cf3dad11bbd824bc7f2ae3e0616-26-BBB,"Woonruimte voor honderd personen, vier per chalet.","Met een recreatieveld, een vijver 'en een eigen tuintje'. De **BBB** verklaarde zich recentelijk voorstander van dit model.",Het voordeel voor Van Overbeek is dat hij personeel aan zich bindt met fatsoenlijke huisvesting.,4,Woningbouw,✅,Woningbouw,✅,Woningbouw,✅,Woningbouw,❌,Ander/Geen,✅,Woningbouw,3,Woningbouw/L,Betaalbare en fatsoenlijke woningen voor (vermoedelijk) seizoensarbeiders,Woningbouw/L,Woningbouw/N,Woningbouw/L,Woningbouw/L,Ander/Geen,Woningbouw/L
eb3cbac5ca31912bce3dedfa0008e82e02ea2f30a1d2baf08bc8faf7-71-GL/PvdA,De prijs is te zien via een app en op een scherm bij de snellader.,"""Samen realiseren we zo een hoogwaardig en toegankelijk basisnetwerk van publieke snelladers"", zegt de Noord-Hollandse gedeputeerde Jeroen Olthof (mobiliteit, **PvdA**).","""Dat is precies waar met de groei van het elektrisch rijden steeds meer behoefte aan is.""",4,Infrastructuur & Mobiliteit,✅,Infrastructuur & Mobiliteit,✅,Infrastructuur & Mobiliteit,✅,Infrastructuur & Mobiliteit,❌,Milieu & klimaat,✅,Infrastructuur & Mobiliteit,4,Infrastructuur & Mobiliteit/L,Duurzame mobiliteit,Infrastructuur & Mobiliteit/L,Infrastructuur & Mobiliteit/L,Infrastructuur & Mobiliteit/L,Infrastructuur & Mobiliteit/L,Milieu & klimaat/L,Infrastructuur & Mobiliteit/L
f1d6dc13f65ca545771e32cdd454c0558df482ddf363d593d016987c-19-Overig,"""Dit betekent dat wij tot 2030 niet kunnen voldoen aan ons woningbouwprogramma.""",In maart heeft Almere met **minister** Hugo de Jonge voor volkshuisvesting en ruimtelijke ordening afgesproken om tot en met 2030 21.200 woningen te bouwen.,Maar deze 'Woondeal' kan Almere nu niet meer nakomen.,4,Woningbouw,✅,Woningbouw,❌,Ander/Geen,✅,Woningbouw,✅,Woningbouw,✅,Woningbouw,3,Woningbouw/N,"Voor woningbouw, maar niet duidelijk hoe en wat",Woningbouw/N,Woningbouw/N,Ander/Geen,Woningbouw/L,Woningbouw/N,Woningbouw/N
fb93184ff3832aca3ecdfc39951b9bff65ee42c1acb22c4777434779-3-VVD,"Als Westlander schaam ik mij diep over het besluit van de gemeente Westland het GGD- spreekuur voor jongeren over seksualiteit te schrappen (Ten eerste, 17/11).","Opnieuw maak ik mij boos over partijen als Denk, **VVD**, SGP, FvD die hun angsten botvieren ten koste van mensen die het recht hebben te kiezen wie ze willen zijn.",Iedereen heeft zijn/haar handen vol aan het eigen leven.,4,Burgerrechten,✅,Burgerrechten,❌,Ander/Geen,✅,Burgerrechten,✅,Burgerrechten,✅,Burgerrechten,3,Burgerrechten/R,"VVD tegen ""zijn wie je wil zijn"", i.e. anti-woke",Burgerrechten/R,Burgerrechten/R,Ander/Geen,Burgerrechten/R,Burgerrechten/R,Burgerrechten/L
fc4736f373e718ba47a366044b846ac0733426eb65934cd4be3cda06-24-Overig,Volgens wethouder Sprong zijn maatregelen nodig om de periode tot en met 2029 zo goed mogelijk te overbruggen.,"Hij verwijst daarbij onder andere naar de ""onorthodoxe"" maatregelen waar demissionair **minister** Jetten over nadenkt, zoals een verplichting voor bedrijven om in de piekuren minder stroom af te nemen .",NA,4,Milieu & klimaat,✅,Milieu & klimaat,❌,Infrastructuur & Mobiliteit,✅,Milieu & klimaat,✅,Milieu & klimaat,✅,Milieu & klimaat,3,Milieu & klimaat/L,Energiebesparen,Milieu & klimaat/L,Milieu & klimaat/L,Infrastructuur & Mobiliteit/L,Milieu & klimaat/L,Milieu & klimaat/L,Milieu & klimaat/N
019bffa6326e23215fb5fe8487bb9e9330a00250d56656bc767f35f3-94-D66,"Uiteindelijk willen we hetzelfde: zoveel mogelijk tijd aan de patiënten besteden.""","Na de koffie noemt huisarts Norbert Hoogsteder het idee van **D66**, dat een wet wil die patiënten recht geeft op een videoconsult, 'absurd' en 'zorgelijk'.",Later die middag laat hij een bericht zien dat net verschenen is: 'Huisartsenpost in Hilversum stopt met videoconsulten bij kinderen.',5,Gezondheid,✅,Gezondheid,✅,Gezondheid,✅,Gezondheid,✅,Gezondheid,✅,Gezondheid,3,Gezondheid/N,"Recht op videoconsult past niet in de dimensies, dus /N",Gezondheid/R,Gezondheid/N,Gezondheid/R,Gezondheid/R,Gezondheid/R,Gezondheid/L
08bfbe92a0a49ed3a9125c5f67940313313233bb25956d9ef9b0b748-103-GL/PvdA,Al komend jaar zou het minimumloon dan op 16 euro per uur moeten liggen.,**GroenLinks-PvdA** gaan voor een jaar later.,Al ging dat niet van harte:,5,Werk & Inkomen,✅,Werk & Inkomen,✅,Werk & Inkomen,✅,Werk & Inkomen,✅,Werk & Inkomen,✅,Werk & Inkomen,2,Werk & Inkomen/N,"Lastig. Verhogen minimumloon is /L, maar 'niet van harte een jaar later' is ook weer niet echt tegen. Dus /N",Werk & Inkomen/L,Werk & Inkomen/N,Werk & Inkomen/L,Werk & Inkomen/L,Werk & Inkomen/R,Werk & Inkomen/N
0cae28e6cd815e0d5aee712b819ebe4faf26c7c72cfa36dbe8297751-1-BBB,,"De **BoerBurgerBeweging** werd bij de Provinciale Statenverkiezingen in maart in alle provincies de grootste partij, vooral dankzij een felle campagne tegen het stikstofbeleid.",Maar inmiddels voert de partij zelf in tien provincies de landelijke stikstofwet uit.,5,Landbouw & Platteland,✅,Landbouw & Platteland,✅,Landbouw & Platteland,✅,Landbouw & Platteland,✅,Landbouw & Platteland,✅,Landbouw & Platteland,4,Landbouw & Platteland/N,"Ze zeggen A, maar doen toch B",Landbouw & Platteland/R,Landbouw & Platteland/R,Landbouw & Platteland/R,Landbouw & Platteland/R,Landbouw & Platteland/R,Landbouw & Platteland/N
15a9cb1931c99c292dd90680864a5b5c61955134b6666d69feb10520-9-GL/PvdA,Bestaanszekerheid ontwikkelde zich afgelopen weken tot een containerbegrip waarin elk ideaal en electoraat ondergebracht kunnen worden.,"Zo wil **GroenLinks-PvdA** het minimumloon ingrijpend verhogen, vindt de VVD dat de 'hardwerkende Nederlander' goedkoop moet kunnen blijven tanken en staat bij de Partij voor de Dieren de bestaanszekerheid voor de 'mens van morgen' centraal.","BVNL ziet het opboren van Gronings gas als dé manier om de bestaanszekerheid veilig te stellen, terwijl D66-fractieleider Paternotte vindt dat bestaanszekerheid ook betekent dat je zelf mag beslissen wanneer dat bestaan eindigt.",5,Werk & Inkomen,✅,Werk & Inkomen,✅,Werk & Inkomen,✅,Werk & Inkomen,✅,Werk & Inkomen,✅,Werk & Inkomen,5,Werk & Inkomen/L,,Werk & Inkomen/L,Werk & Inkomen/L,Werk & Inkomen/L,Werk & Inkomen/L,Werk & Inkomen/L,Werk & Inkomen/L
1dc8c2634a2a9788065f47a85a4a13b41462c4e9c9a3616a484f5dc1-9-VVD,Tot 2021 betaalde iemand die van het gas af wilde 700 euro.,"Toezichthouder ACM bepaalde in maart 2021 op aangeven van Eric Wiebes, de toenmalige **VVD-minister** van Economische Zaken en Klimaat, dat het afkoppelen gratis moest worden.","Verduurzamen en een gasloos leven was immers al duur genoeg, zo redeneerde de minister.",5,Milieu & klimaat,✅,Milieu & klimaat,✅,Milieu & klimaat,✅,Milieu & klimaat,✅,Milieu & klimaat,✅,Milieu & klimaat,5,Milieu & klimaat/L,,Milieu & klimaat/L,Milieu & klimaat/L,Milieu & klimaat/L,Milieu & klimaat/L,Milieu & klimaat/L,Milieu & klimaat/L
26f8101e9f68915c7b5598fd42a70c980c11b9ec1266727fb3da4d50-1-NSC,,"Verkiezingsblog **Omtzigt** twijfelt nog over premierschap, voorkeur voor de Kamer",NA,5,Ander/Geen,✅,Ander/Geen,✅,Ander/Geen,✅,Ander/Geen,✅,Ander/Geen,✅,Ander/Geen,5,Ander/Geen,,Ander/Geen,Ander/Geen,Ander/Geen,Ander/Geen,Ander/Geen,Ander/Geen
3a54b53731fb93e3095ed1bbe23d41de682d8454d994acf2b51aa277-4-Overig,"In het verleden steunde Denk nog wel eens voorstellen om de positie van lhbti'ers te verbeteren, maar in het huidige verkiezingsprogramma loopt de partij te hoop tegen wat het noemt 'regenboogdwang'.",Toch vindt **lijsttrekker** Van Baarle niet dat hij de partij een conservatievere koers laat varen.,"""Het denken stopt bij een partij als Denk natuurlijk niet"", zegt hij daarover bij Nieuwsuur.",5,Burgerrechten,✅,Burgerrechten,✅,Burgerrechten,✅,Burgerrechten,✅,Burgerrechten,✅,Burgerrechten,4,Burgerrechten/R,"Hij vind het misschien niet conservatier, maar ze lopen wel ""te hoop"" tegen regenboogdwang",Burgerrechten/R,Burgerrechten/R,Burgerrechten/R,Burgerrechten/R,Burgerrechten/R,Burgerrechten/N
3bddb898ec3252e9dc2d00c8036de1dcd15223d24bddf355cbfdd8e6-3-Overig,Het kabinet stelt daarvoor 140 miljoen euro beschikbaar.,Dat heeft demissionair **minister** Harbers van Infrastructuur en Waterstaat bekendgemaakt.,"Het afschaffen van de tolheffing is een grote wens van veel Zeeuwen . De Westerscheldetunnel is een belangrijke schakel tussen Zeeland, Vlaanderen en West-Brabant.",5,Infrastructuur & Mobiliteit,✅,Infrastructuur & Mobiliteit,✅,Infrastructuur & Mobiliteit,✅,Infrastructuur & Mobiliteit,✅,Infrastructuur & Mobiliteit,✅,Infrastructuur & Mobiliteit,4,Infrastructuur & Mobiliteit/R,Geen tol = goedkoper rijden,Infrastructuur & Mobiliteit/R,Infrastructuur & Mobiliteit/N,Infrastructuur & Mobiliteit/R,Infrastructuur & Mobiliteit/R,Infrastructuur & Mobiliteit/R,Infrastructuur & Mobiliteit/R
3fda05499e9c333f7c141feb841b63558d458e161dbd7349a2171e7f-8-Overig,Door dat grote tekort zijn huurprijzen voor dat soort woningen flink opgelopen.,Demissionair **minister** Hugo de Jonge (Volkshuisvesting) wil daarom strengere regels voor hoe hoog de huren mogen zijn.,Hij kwam daarom met de Wet betaalbare huur.,5,Woningbouw,✅,Woningbouw,✅,Woningbouw,✅,Woningbouw,✅,Woningbouw,✅,Woningbouw,5,Woningbouw/L,,Woningbouw/L,Woningbouw/L,Woningbouw/L,Woningbouw/L,Woningbouw/L,Woningbouw/L
403acc4888a65bcee0c4b8bbbc6cde5dc9de618bd0fda686543bddba-5-GL/PvdA,Toen reageerde Mikkers dat Marokko bovenaan staat.,De **PvdA** had om een interpellatiedebat gevraagd.,NA,5,Ander/Geen,✅,Ander/Geen,✅,Ander/Geen,✅,Ander/Geen,✅,Ander/Geen,✅,Ander/Geen,5,Ander/Geen,,Ander/Geen,Ander/Geen,Ander/Geen,Ander/Geen,Ander/Geen,Ander/Geen
44456dea0aa853d7775111bc6b9ecec8be01f4eb094ccd35a25d10ef-36-NSC,"Jacomine Nortier, Utrecht","**Omtzigt** is tegen de meerouderschapswet omdat hij kinderen niet wil 'ontouderen' wanneer een tweede huwelijk zou knappen, zei hij in Nieuwsuur.","Maar een kind krijgen is voor het leven, dus ouderschap toch ook?",5,Burgerrechten,✅,Burgerrechten,✅,Burgerrechten,✅,Burgerrechten,✅,Burgerrechten,✅,Burgerrechten,5,Burgerrechten/R,,Burgerrechten/R,Burgerrechten/R,Burgerrechten/R,Burgerrechten/R,Burgerrechten/R,Burgerrechten/R
46bf991a7bc9813fd37f96afbe0f90d4c2b5481a4a91fae413c43c8b-29-Volt,Beter is het om een stelsel te ontwerpen waarin vertrouwen geen rol speelt.,"Het voorstel van **Volt** om op termijn een vorm van basisinkomen in te voeren, verdient daarom serieuze aandacht.",NA,5,Werk & Inkomen,✅,Werk & Inkomen,✅,Werk & Inkomen,✅,Werk & Inkomen,✅,Werk & Inkomen,✅,Werk & Inkomen,5,Werk & Inkomen/L,,Werk & Inkomen/L,Werk & Inkomen/L,Werk & Inkomen/L,Werk & Inkomen/L,Werk & Inkomen/L,Werk & Inkomen/L
48eb9ef1751d1ac46bba4e61fb37dbcef1396aa0eb302dcb29edbb88-7-Overig,"Het fenomeen ‘middenhuur’, woningen met een huur tussen de 763 en 1.000 euro, is met name in de Randstad een zeldzaamheid geworden.","**Minister** Hugo de Jonge (Volkshuisvesting en Ruimtelijke Ordening, CDA) wil dit oplossen door een huurplafond in te stellen.","Er komt een plafond van 1.123 euro per maand, voor het onderste deel van de huurmarkt.",5,Woningbouw,✅,Woningbouw,✅,Woningbouw,✅,Woningbouw,✅,Woningbouw,✅,Woningbouw,5,Woningbouw/L,,Woningbouw/L,Woningbouw/L,Woningbouw/L,Woningbouw/L,Woningbouw/L,Woningbouw/L
4d8e6d231fb35c0a665f86dd401c65cf484c20047e6764ed7831ae69-2-PVV,Ouderenzorg,"De roep om ‘kleinschalige bejaardentehuizen’ te bouwen is een achterhaald principe, zegt Noor van den Bergh.,In het artikel Keert het bejaardenhuis terug (13/11) lees ik met stijgende verbazing hoe Fleur Agema (**PVV**) en Nicki Pouw-Verweij (BBB) met grote stelligheid verkondigen dat de bejaardentehuizen terug moeten komen, weliswaar geen „ouderwetse bejaardenhuizen met lange gangen”, nee, het moet kleinschalig…",Weten zij wel wat dit kosten gaat?,5,Gezondheid,✅,Gezondheid,✅,Gezondheid,✅,Gezondheid,✅,Gezondheid,✅,Gezondheid,4,Gezondheid/L,"Agema is voor kleinschalige bejaardentehuizen, dus voor investeringen in de zorg",Gezondheid/L,Gezondheid/N,Gezondheid/L,Gezondheid/L,Gezondheid/L,Gezondheid/L
569bfefa151081cb2a77853355245c4899db75f67cd822a33d06a8c0-12-GL/PvdA,Deze centrales zullen zorgen voor de komende 80 jaar dat veiligheid voorop staat en dat de kosten van de kWh-prijs zeer sterk zullen dalen met nagenoeg geen uitstoot.,Het is niet te geloven dat **PvdA/GL-voorman** Frans **Timmermans** met droge ogen verklaart dat kernenergie een gepasseerd station is.,"Ben v/d Bruggen, Heemstede",5,Milieu & klimaat,✅,Milieu & klimaat,✅,Milieu & klimaat,✅,Milieu & klimaat,✅,Milieu & klimaat,✅,Milieu & klimaat,4,Milieu & klimaat/R,Tegen kernenergie = /R volgens codeboek,Milieu & klimaat/R,Milieu & klimaat/R,Milieu & klimaat/N,Milieu & klimaat/R,Milieu & klimaat/R,Milieu & klimaat/R
5ac382e189e37477d1d74f5fbaec5db9b733ca6b26fa13fbf01168b1-2-BBB,Analyse kunst en cultuur in partijprogramma's,Van **BBB** tot PvdA-GroenLinks en van D66 tot PVV: vrijwel alle politieke partijen noemen cultuur belangrijk.,"Maar wat verstaan ze eronder, carbidschieten of het Concertgebouw?",5,"O.wijs, Cult. & Wetensch.",✅,"O.wijs, Cult. & Wetensch.",✅,"O.wijs, Cult. & Wetensch.",✅,"O.wijs, Cult. & Wetensch.",✅,"O.wijs, Cult. & Wetensch.",✅,"O.wijs, Cult. & Wetensch.",3,"O.wijs, Cult. & Wetensch./L",Ze vinden cultuur belangrijk,"O.wijs, Cult. & Wetensch./L","O.wijs, Cult. & Wetensch./N","O.wijs, Cult. & Wetensch./N","O.wijs, Cult. & Wetensch./L","O.wijs, Cult. & Wetensch./L","O.wijs, Cult. & Wetensch./L"
5bc8ee8a0cceba6cfadec4b4af8b49e795435f19b0eb4b94e3b9d65d-11-FvD,"Maar bij de ouders is dan al het hoofd op hol gebracht, en is het kwaad geschied.","Het Sense-spreekuur bij de GGD in Westland zou volgens de lokale **FvD-fractie** barsten van 'woke en lhbti-gedachtegoed, waaronder het spreken over transseksuelen, geslachtsoperaties en seks na een geslachtsoperatie'.",De partij diende een motie in die door een meerderheid werd gesteund.,5,Burgerrechten,✅,Burgerrechten,✅,Burgerrechten,✅,Burgerrechten,✅,Burgerrechten,✅,Burgerrechten,5,Burgerrechten/R,,Burgerrechten/R,Burgerrechten/R,Burgerrechten/R,Burgerrechten/R,Burgerrechten/R,Burgerrechten/R
6598baf14d56475bf8f74e3c0064875d4ae8896fcc63d4593cfe4910-8-Overig,Al meerdere keren is de aanstaande hulpactie besproken in de ministerraad.,"Dat hulporganisaties kritiek hebben en dat het plan nog allerlei losse eindjes heeft, lijkt demissionair **minister** Hanke Bruins Slot (CDA, Buitenlandse Zaken) niet te deren.",Sinds de Hamas-terreuraanval op 7 oktober steggelt het demissionaire kabinet over de vraag hoe ver het Israëlische leger mag gaan om Hamas uit te schakelen.,5,Defensie,✅,Defensie,✅,Defensie,✅,Defensie,✅,Defensie,✅,Defensie,4,Defensie/N,Er wordt niet duidelijk wat hun positie nu is,Defensie/N,Defensie/N,Defensie/N,Defensie/N,Defensie/R,Defensie/N
67701f7339067e26ea1f0f7c3fc36b7770ba6775804a2a80ac287513-32-GL/PvdA,Van links tot rechts zijn partijen van mening dat hier wat aan gedaan moet worden.,"Linkse partijen, zoals SP en **GroenLinks-** **PvdA** willen het verst gaan:",in hun programma's staat dat het minimumloon in één klap moet stijgen naar 16 euro per uur.,5,Werk & Inkomen,✅,Werk & Inkomen,✅,Werk & Inkomen,✅,Werk & Inkomen,✅,Werk & Inkomen,✅,Werk & Inkomen,5,Werk & Inkomen/L,,Werk & Inkomen/L,Werk & Inkomen/L,Werk & Inkomen/L,Werk & Inkomen/L,Werk & Inkomen/L,Werk & Inkomen/L
6bee4bc56fc18108ec39a2ed8dd301224652365e8ae5c0530175e24f-4-SGP,hoe twee christelijke partijen verschillen op het thema asiel.,"De **SGP** wil het aantal asielzoekers fors verminderen, voor de ChristenUnie is dat geen doel op zich.",Vorige week nam SGP-lijsttrekker Chris Stoffer een kijkje bij de asielopvang in Goes.,5,Immigratie,✅,Immigratie,✅,Immigratie,✅,Immigratie,✅,Immigratie,✅,Immigratie,5,Immigratie/R,,Immigratie/R,Immigratie/R,Immigratie/R,Immigratie/R,Immigratie/R,Immigratie/R
81f362ae72fa3acf1635182260cf79ecad076be5c2a52c60964b886d-6-Overig,In verkiezingsdebatten en op sociale media gaat het er fel aan toe tussen voor- en tegenstanders.,"Rechtse partijen hebben een „religieus” geloof in kernenergie volgens **GroenLinks-PvdA-lijsttrekker** Frans Timmermans, maar kerncentrales zijn in Nederland „niet haalbaar en betaalbaar”.",De rechtse partijen zeggen op hun beurt niet te begrijpen dat Timmermans een energievorm uitsluit die geen broeikasgassen uitstoot.,5,Milieu & klimaat,✅,Milieu & klimaat,✅,Milieu & klimaat,✅,Milieu & klimaat,✅,Milieu & klimaat,✅,Milieu & klimaat,3,Milieu & klimaat/R,Tegen kernenergie = /R volgens codeboek,Milieu & klimaat/R,Milieu & klimaat/N,Milieu & klimaat/N,Milieu & klimaat/R,Milieu & klimaat/R,Milieu & klimaat/R
831c28b34aece7c17d5eb32d1f58c4d0dad3c7c275cccc3623c0f34b-8-VVD,"Ook word je door de tool niet beïnvloed, wat bij andere stemtools wel het geval kan zijn.",Bij dit voorbeeld lees je hoe de **VVD** denkt over migratie.,"Eerst staat beschreven hoe het in het partijprogramma staat, daarna zie je het stukje in makkelijkere taal:",5,Immigratie,✅,Immigratie,✅,Immigratie,✅,Immigratie,✅,Immigratie,✅,Immigratie,5,Immigratie/N,,Immigratie/N,Immigratie/N,Immigratie/N,Immigratie/N,Immigratie/N,Immigratie/N
8b48fb57141b3c179254368676d8495c688a8cde5c1c7574bc893584-35-PVV,"Uit de verkiezingsprogramma’s, de doorberekeningen van het CPB en de standpunten op de websites maken we het volgende op:","\- Politieke partijen die de regeling willen verbeteren: **PVV**, BVNL, FvD, BBB en JA21.",\- Politieke partijen die de regeling intact willen houden:,5,Ander/Geen,✅,Ander/Geen,✅,Ander/Geen,✅,Ander/Geen,✅,Ander/Geen,✅,Ander/Geen,5,Ander/Geen,,Ander/Geen,Ander/Geen,Ander/Geen,Ander/Geen,Ander/Geen,Ander/Geen
9c4273997017eabadf3f6cd1b215dc1c308bdc678d6edade696d5ea5-2-CDA,Ouderen zo lang mogelijk thuis laten wonen zou veel geld besparen en meer welzijn opleveren.,"Meer dan een decennium later moeten we ons afvragen of dat nu wel zo verstandig was, stelt Henri **Bontenbal**.",Vroeger had ieder dorp of stadsdeel een eigen bejaardenhuis.,5,Gezondheid,✅,Gezondheid,✅,Gezondheid,✅,Gezondheid,✅,Gezondheid,✅,Gezondheid,3,Gezondheid/L,Geld besparen op zorg was niet verstandig,Gezondheid/L,Gezondheid/N,Gezondheid/L,Gezondheid/L,Gezondheid/R,Gezondheid/L
a2ed3e7a969ccdcccd0ea2634cc4efe4e398414b0b273a7f54031478-5-FvD,De integriteitscommissie van de Tweede Kamer wil drie Kamerleden van Forum voor Democratie schorsen.,"De drie, Thierry **Baudet**, Gideon van Meijeren en Freek Jansen, hebben zich niet aan de gedragsregels gehouden, omdat ze een nevenfunctie niet hebben geregistreerd bij de Tweede Kamer.","De partij noemt het in een reactie ""stemmingmakerij"".",5,Ander/Geen,✅,Ander/Geen,✅,Ander/Geen,✅,Ander/Geen,✅,Ander/Geen,✅,Ander/Geen,5,Ander/Geen,,Ander/Geen,Ander/Geen,Ander/Geen,Ander/Geen,Ander/Geen,Ander/Geen
af62a934b4b0fd2d5e47d3d906bce5c31f28b84584f1c92c63ff0e05-2-NSC,"Als morgenochtend het Centraal Planbureau (CPB) met de traditionele doorrekening van de verkiezingsprogramma's komt, zitten daar niet de plannen bij van twee partijen die hoog staan in de peilingen.",**NSC** van Pieter **Omtzigt** en BBB van Caroline van der Plas hebben hun voorstellen niet laten doorrekenen.,"Hetzelfde geldt voor de SP, PVV, Partij voor de Dieren, Denk en Forum voor Democratie.",5,Ander/Geen,✅,Ander/Geen,✅,Ander/Geen,✅,Ander/Geen,✅,Ander/Geen,✅,Ander/Geen,5,Ander/Geen,,Ander/Geen,Ander/Geen,Ander/Geen,Ander/Geen,Ander/Geen,Ander/Geen
b0ad4cbac3cc1bfb43d5f2201e69c04ea500970adbe5014eea6db361-2-GL/PvdA,Levenseinde,"**PvdA-GroenLinks**, D66, Volt en Bij1 doen een historisch voorstel in hun verkiezingsprogramma's:",schrap euthanasie uit het Wetboek van Strafrecht.,5,Burgerrechten,✅,Burgerrechten,✅,Burgerrechten,✅,Burgerrechten,✅,Burgerrechten,✅,Burgerrechten,5,Burgerrechten/L,,Burgerrechten/L,Burgerrechten/L,Burgerrechten/L,Burgerrechten/L,Burgerrechten/L,Burgerrechten/L
b11b4f60dcd40f90d039cb7a704ab4f49d0dc9d3dce1c3536dbe5c19-2-NSC,De kiezer wil duidelijkheid,’GeTwijfel over premierschap kost **Omtzigt** stemmen’,Hoop op nieuw elan na 13 jaar VVD-leiderschap,5,Ander/Geen,✅,Ander/Geen,✅,Ander/Geen,✅,Ander/Geen,✅,Ander/Geen,✅,Ander/Geen,5,Ander/Geen,,Ander/Geen,Ander/Geen,Ander/Geen,Ander/Geen,Ander/Geen,Ander/Geen
c1e484911687665b1deca662f28b87add770bc11e26767f06e260d6d-9-PVV,Dat zijn allereerst de partijen die van de EU af willen.,Onder het mom van het terugwinnen van nationale soevereiniteit zitten **PVV** en Forum voor Democratie in dat kamp.,Forum gaat het verst.,5,EU en handel,✅,EU en handel,✅,EU en handel,✅,EU en handel,✅,EU en handel,✅,EU en handel,5,EU en handel/R,,EU en handel/R,EU en handel/R,EU en handel/R,EU en handel/R,EU en handel/R,EU en handel/R
c6a21bbdbe120d8ba8c5da6ea8751ce788c6d9aaea1a1c98f2e14543-3-Overig,Voor het eerst is het woord ecocide opgenomen in Europese wetgeving.,",,Dit is ontzettend goed nieuws'', zegt **Kamerlid** Lammert van Raan (PvdD), die zelf werkt aan een initiatiefwetsvoorstel Strafbaarstelling Ecocide.",",,Te lang konden overtreders zoals grote bedrijven wegkomen met grootschalige milieuvervuiling of natuurvernietiging.''",5,Milieu & klimaat,✅,Milieu & klimaat,✅,Milieu & klimaat,✅,Milieu & klimaat,✅,Milieu & klimaat,✅,Milieu & klimaat,5,Milieu & klimaat/L,,Milieu & klimaat/L,Milieu & klimaat/L,Milieu & klimaat/L,Milieu & klimaat/L,Milieu & klimaat/L,Milieu & klimaat/L
caee9146f344bb2b84050121c6e9d3def977f7313f7482daf97e5242-48-VVD,Blunder,"Onder druk van de **VVD** (met name Edith Schippers) werden verzorgingstehuizen gesloten, terwijl iedereen wist dat de vergrijzing almaar toeneemt.",Gevolgen van deze politieke blunder:,5,Gezondheid,✅,Gezondheid,✅,Gezondheid,✅,Gezondheid,✅,Gezondheid,✅,Gezondheid,5,Gezondheid/R,,Gezondheid/R,Gezondheid/R,Gezondheid/R,Gezondheid/R,Gezondheid/R,Gezondheid/R
cf05e223bcd4ea297ffca23bbaf0acec739debaf0607708a9aac1422-13-D66,Andere partijen aan de linkerkant willen ook fors ingrijpen in de veestapel en af van de bio-industrie.,"Als gevolg van de maatregelen die **D66**, GroenLinks/PvdA en Volt willen nemen, zou de omvang van de veestapel zeker zo'n 30 tot 35 procent dalen, berekende het Planbureau voor de Leefomgeving (PBL).",De partijen willen biologische boeren en boeren die natuur beheren stimuleren.,5,Landbouw & Platteland,✅,Landbouw & Platteland,✅,Landbouw & Platteland,✅,Landbouw & Platteland,✅,Landbouw & Platteland,✅,Landbouw & Platteland,5,Landbouw & Platteland/L,,Landbouw & Platteland/L,Landbouw & Platteland/L,Landbouw & Platteland/L,Landbouw & Platteland/L,Landbouw & Platteland/L,Landbouw & Platteland/L
dc3aaae76e52c8c933cf13234f36f23ab7d20db3708c55b06312aa47-26-Overig,"En politiek en samenleving laten het gebeuren, of juichen het soms zelfs toe.”","We spreken elkaar ruim een week voordat het Centraal Planbureau (CPB) de doorrekeningen van de partijprogramma’s presenteerde en het PBL zijn ‘reflectie’ op de duurzaamheidsplannen van partijen, ruim een week ook voordat **VVD-lijsttrekker** Dilan Yesilgöz in een verkiezingsdebat zei dat haar gewenste verhoging van het minimumloon afhankelijk is van de uitkomsten van die doorrekeningen.",Later in het debat verweet ze Pieter Omtzigt dat hij zijn programma niet liet doorrekenen.,5,Werk & Inkomen,✅,Werk & Inkomen,✅,Werk & Inkomen,✅,Werk & Inkomen,✅,Werk & Inkomen,✅,Werk & Inkomen,3,Werk & Inkomen/N,"Lastig. Ze wenst een verhoging (=/L), maar weet niet of het wel kan, dus het is niet echt duidelijk wat ze gaat doen. Daarom toch maar /N (maar /L zou ook begrijpelijk zijn)",Werk & Inkomen/N,Werk & Inkomen/N,Werk & Inkomen/L,Werk & Inkomen/N,Werk & Inkomen/N,Werk & Inkomen/L
e3b5edfb91374a7a6f8646950fecb4d91eb656736fff3fa9c450508b-3-BBB,Een analyse van het wetgevingsproces staaft die zorgen.,In de vertrekkende Kamer bekommerde niemand zich zoveel om nieuwe wetten als Caroline van der **Plas** (**BBB**) en Pieter Omtzigt.,"Bij bijna een op de vijf wetsvoorstellen die de afgelopen kabinetsperiode door de Kamer werden behandeld, hebben die (voormalige) eenpitters schriftelijke vragen gesteld of waren ze aanwezig bij een wetgevingsdebat.",5,Ander/Geen,✅,Ander/Geen,✅,Ander/Geen,✅,Ander/Geen,✅,Ander/Geen,✅,Ander/Geen,5,Ander/Geen,,Ander/Geen,Ander/Geen,Ander/Geen,Ander/Geen,Ander/Geen,Ander/Geen
e727025c224b81372556e768303ce3face8ca74e002d02a638b56505-1-CDA,,"**CDA**, ChristenUnie en de BBB hebben zich aangesloten bij een eerder voorstel van de SGP om het gezin op te nemen in de Grondwet.","De vier partijen gaan hun wijzigingsvoorstel morgen indienen bij de Tweede Kamer, de dag dat het 175-jarig jubileum van de Grondwet wordt gevierd.",5,Burgerrechten,✅,Burgerrechten,✅,Burgerrechten,✅,Burgerrechten,✅,Burgerrechten,✅,Burgerrechten,5,Burgerrechten/R,,Burgerrechten/R,Burgerrechten/R,Burgerrechten/R,Burgerrechten/R,Burgerrechten/R,Burgerrechten/R
e85736b11841b861daf1dfe958f5e38b6232eb43b5711fd5486dcfb9-5-GL/PvdA,Wéér rechtser dan de vorige keer.,Frans **Timmermans** moet zich tijdens het debat afgevraagd hebben waarom hij ook weer zo nodig de Nederlandse politiek in wilde.,"De hele campagne lijkt hij al met de rem erop te debatteren, wellicht om maar niet het verwijt te krijgen een emotionele zuiderling te zijn.",5,Ander/Geen,✅,Ander/Geen,✅,Ander/Geen,✅,Ander/Geen,✅,Ander/Geen,✅,Ander/Geen,5,Ander/Geen,,Ander/Geen,Ander/Geen,Ander/Geen,Ander/Geen,Ander/Geen,Ander/Geen
ebc13f2fa4b73a40904f65e2350765bf642403b54324dbe77749abea-2-D66,11:37,ChristenUnie en **D66** botsen (opnieuw) over euthanasie bij voltooid leven,"ChristenUnie-lijsttrekker Mirjam Bikker wil dat D66 stopt met ""doordrammen"" van de wet 'Voltooid Leven'.",5,Burgerrechten,✅,Burgerrechten,✅,Burgerrechten,✅,Burgerrechten,✅,Burgerrechten,✅,Burgerrechten,4,Burgerrechten/L,D66 dramt door over (en is dus voor) euthenasie,Burgerrechten/L,Burgerrechten/L,Burgerrechten/N,Burgerrechten/L,Burgerrechten/L,Burgerrechten/L
ed7705302ad61d57198294c72e6a96475b1476535f26798da31e5f23-1-CDA,,De Raad van State zet grote vraagtekens bij het plan van woonminister Hugo de Jonge (**CDA**) om het puntensysteem voor huurwoningen uit te breiden tot de vrije sector.,De belangrijkste adviseur van de regering vreest de massale verkoop van huurwoningen en minder nieuwbouw.,5,Woningbouw,✅,Woningbouw,✅,Woningbouw,✅,Woningbouw,✅,Woningbouw,✅,Woningbouw,3,Woningbouw/L,CDA wil puntensysteem uitbreiden = betaalbare huur,Woningbouw/L,Woningbouw/N,Woningbouw/L,Woningbouw/L,Woningbouw/R,Woningbouw/L
f83cb45ea2421ed12b43cc8ca27542e4494c0176556f6db880bf6f13-3-GL/PvdA,"De winst van al die duurzaam opgewekte energie gaat niet naar de gemeente en haar inwoners, maar naar buitenlandse partijen.,Paul Knuvers liep, dat kun je wel stellen, op de troepen vooruit.",Al in 2007 diende de bedachtzame inburgeringsdocent voor zijn partij **GroenLinks** een lijst met negentig klimaatvriendelijke ideeën in bij de gemeenteraad van Berkelland.,"Die gingen van de inkoop van 100 procent groene energie tot een gemeentelijk wagenpark op stroom en waterstof, van HR++ glas in alle kozijnen tot politietoezicht per zeppelin in plaats van per helikopter.",5,Milieu & klimaat,✅,Milieu & klimaat,✅,Milieu & klimaat,✅,Milieu & klimaat,✅,Milieu & klimaat,✅,Milieu & klimaat,5,Milieu & klimaat/L,,Milieu & klimaat/L,Milieu & klimaat/L,Milieu & klimaat/L,Milieu & klimaat/L,Milieu & klimaat/L,Milieu & klimaat/L
fedd7c1058fe0cd402b6d62e991211876ae82e9ee2aa14966044e716-1-D66,,Levenseinde • **D66** scherpt de criteria aan in het wetsvoorstel voor 'voltooid leven'.,"Het voortraject wordt intensiever, zelfbeschikking blijft het centrale idee.",5,Burgerrechten,✅,Burgerrechten,✅,Burgerrechten,✅,Burgerrechten,✅,Burgerrechten,✅,Burgerrechten,4,Burgerrechten/L,"Ook lastig. Zelfbeschikking blijft het idee (dus /L), maar ze doen ook water bij de wijn, dus /N zou ook begrijpelijk zijn.",Burgerrechten/L,Burgerrechten/L,Burgerrechten/L,Burgerrechten/L,Burgerrechten/N,Burgerrechten/L
,,,,,,,,,,,,,,,,,,,,,,,,
,,,,,,,,,,,,,,,,,,,,,,,,
,,,,,,,,,,,,,,,,,,,,,,,,
,,,,,,,,,,,,,,,,,,,,,,,,
,,,,,,,,,,,,,,,,,,,,,,,,
,,,,,,,,,,,,,,,,,,,,,,,,
,,,,,,,,,,,,,,,,,,,,,,,,
,,,,,,,,,,,,,,,,,,,,,,,,
,,,,,,,,,,,,,,,,,,,,,,,,
,,,,,,,,,,,,,,,,,,,,,,,,
,,,,,,,,,,,,,,,,,,,,,,,,
,,,,,,,,,,,,,,,,,,,,,,,,
,,,,,,✅,,✅,,✅,,✅,,✅,,,,,,,,,,
,,,,,,✅,,✅,,✅,,✅,,✅,,,,,,,,,,
,,,,,,✅,,✅,,✅,,✅,,✅,,,,,,,,,,
,,,,,,✅,,✅,,✅,,✅,,✅,,,,,,,,,,
,,,,,,✅,,✅,,✅,,✅,,✅,,,,,,,,,,
,,,,,,✅,,✅,,✅,,✅,,✅,,,,,,,,,,
,,,,,,✅,,✅,,✅,,✅,,✅,,,,,,,,,,
,,,,,,✅,,✅,,✅,,✅,,✅,,,,,,,,,,
,,,,,,✅,,✅,,✅,,✅,,✅,,,,,,,,,,
,,,,,,✅,,✅,,✅,,✅,,✅,,,,,,,,,,
,,,,,,✅,,✅,,✅,,✅,,✅,,,,,,,,,,
,,,,,,✅,,✅,,✅,,✅,,✅,,,,,,,,,,
,,,,,,✅,,✅,,✅,,✅,,✅,,,,,,,,,,
,,,,,,✅,,✅,,✅,,✅,,✅,,,,,,,,,,
,,,,,,✅,,✅,,✅,,✅,,✅,,,,,,,,,,
,,,,,,✅,,✅,,✅,,✅,,✅,,,,,,,,,,
,,,,,,✅,,✅,,✅,,✅,,✅,,,,,,,,,,
,,,,,,✅,,✅,,✅,,✅,,✅,,,,,,,,,,
,,,,,,✅,,✅,,✅,,✅,,✅,,,,,,,,,,
,,,,,,✅,,✅,,✅,,✅,,✅,,,,,,,,,,
,,,,,,✅,,✅,,✅,,✅,,✅,,,,,,,,,,
,,,,,,✅,,✅,,✅,,✅,,✅,,,,,,,,,,
,,,,,,✅,,✅,,✅,,✅,,✅,,,,,,,,,,
,,,,,,✅,,✅,,✅,,✅,,✅,,,,,,,,,,
,,,,,,✅,,✅,,✅,,✅,,✅,,,,,,,,,,
,,,,,,✅,,✅,,✅,,✅,,✅,,,,,,,,,,
,,,,,,✅,,✅,,✅,,✅,,✅,,,,,,,,,,
,,,,,,✅,,✅,,✅,,✅,,✅,,,,,,,,,,
,,,,,,✅,,✅,,✅,,✅,,✅,,,,,,,,,,
,,,,,,✅,,✅,,✅,,✅,,✅,,,,,,,,,,
,,,,,,✅,,✅,,✅,,✅,,✅,,,,,,,,,,
,,,,,,✅,,✅,,✅,,✅,,✅,,,,,,,,,,
,,,,,,✅,,✅,,✅,,✅,,✅,,,,,,,,,,
,,,,,,✅,,✅,,✅,,✅,,✅,,,,,,,,,,
,,,,,,✅,,✅,,✅,,✅,,✅,,,,,,,,,,
,,,,,,✅,,✅,,✅,,✅,,✅,,,,,,,,,,
,,,,,,✅,,✅,,✅,,✅,,✅,,,,,,,,,,
,,,,,,✅,,✅,,✅,,✅,,✅,,,,,,,,,,
,,,,,,✅,,✅,,✅,,✅,,✅,,,,,,,,,,
,,,,,,✅,,✅,,✅,,✅,,✅,,,,,,,,,,
,,,,,,✅,,✅,,✅,,✅,,✅,,,,,,,,,,
,,,,,,✅,,✅,,✅,,✅,,✅,,,,,,,,,,
,,,,,,✅,,✅,,✅,,✅,,✅,,,,,,,,,,
,,,,,,✅,,✅,,✅,,✅,,✅,,,,,,,,,,
,,,,,,✅,,✅,,✅,,✅,,✅,,,,,,,,,,
,,,,,,✅,,✅,,✅,,✅,,✅,,,,,,,,,,
,,,,,,✅,,✅,,✅,,✅,,✅,,,,,,,,,,
,,,,,,✅,,✅,,✅,,✅,,✅,,,,,,,,,,
,,,,,,✅,,✅,,✅,,✅,,✅,,,,,,,,,,
,,,,,,✅,,✅,,✅,,✅,,✅,,,,,,,,,,
,,,,,,✅,,✅,,✅,,✅,,✅,,,,,,,,,,
,,,,,,✅,,✅,,✅,,✅,,✅,,,,,,,,,,
,,,,,,✅,,✅,,✅,,✅,,✅,,,,,,,,,,
,,,,,,✅,,✅,,✅,,✅,,✅,,,,,,,,,,
,,,,,,✅,,✅,,✅,,✅,,✅,,,,,,,,,,
,,,,,,✅,,✅,,✅,,✅,,✅,,,,,,,,,,
,,,,,,✅,,✅,,✅,,✅,,✅,,,,,,,,,,
,,,,,,✅,,✅,,✅,,✅,,✅,,,,,,,,,,
,,,,,,✅,,✅,,✅,,✅,,✅,,,,,,,,,,
,,,,,,✅,,✅,,✅,,✅,,✅,,,,,,,,,,
,,,,,,✅,,✅,,✅,,✅,,✅,,,,,,,,,,
,,,,,,✅,,✅,,✅,,✅,,✅,,,,,,,,,,
,,,,,,✅,,✅,,✅,,✅,,✅,,,,,,,,,,
,,,,,,✅,,✅,,✅,,✅,,✅,,,,,,,,,,
,,,,,,✅,,✅,,✅,,✅,,✅,,,,,,,,,,
,,,,,,✅,,✅,,✅,,✅,,✅,,,,,,,,,,
,,,,,,✅,,✅,,✅,,✅,,✅,,,,,,,,,,
,,,,,,✅,,✅,,✅,,✅,,✅,,,,,,,,,,
,,,,,,✅,,✅,,✅,,✅,,✅,,,,,,,,,,
,,,,,,✅,,✅,,✅,,✅,,✅,,,,,,,,,,
,,,,,,✅,,✅,,✅,,✅,,✅,,,,,,,,,,
,,,,,,✅,,✅,,✅,,✅,,✅,,,,,,,,,,
,,,,,,✅,,✅,,✅,,✅,,✅,,,,,,,,,,
,,,,,,✅,,✅,,✅,,✅,,✅,,,,,,,,,,
,,,,,,✅,,✅,,✅,,✅,,✅,,,,,,,,,,
,,,,,,✅,,✅,,✅,,✅,,✅,,,,,,,,,,
,,,,,,✅,,✅,,✅,,✅,,✅,,,,,,,,,,
,,,,,,✅,,✅,,✅,,✅,,✅,,,,,,,,,,
,,,,,,✅,,✅,,✅,,✅,,✅,,,,,,,,,,
,,,,,,✅,,✅,,✅,,✅,,✅,,,,,,,,,,
,,,,,,✅,,✅,,✅,,✅,,✅,,,,,,,,,,
,,,,,,✅,,✅,,✅,,✅,,✅,,,,,,,,,,
,,,,,,✅,,✅,,✅,,✅,,✅,,,,,,,,,,
,,,,,,✅,,✅,,✅,,✅,,✅,,,,,,,,,,
,,,,,,✅,,✅,,✅,,✅,,✅,,,,,,,,,,
,,,,,,✅,,✅,,✅,,✅,,✅,,,,,,,,,,
,,,,,,✅,,✅,,✅,,✅,,✅,,,,,,,,,,
,,,,,,✅,,✅,,✅,,✅,,✅,,,,,,,,,,